<?xml version="1.0" encoding="UTF-8" standalone="yes"?>
<addon id="repository.videomixrepo" name="videomixrepo" version="1.0.0" provider-name="Koicha">
	<extension point="xbmc.addon.repository" name="ToledoRepoMix">
		<info compressed="false">https://raw.github.com/koicha/videomixrepo/master/addons.xml</info>
		<checksum>https://raw.github.com/koicha/videomixrepo/master/addons.xml.md5</checksum>
		<datadir zip="true">https://raw.github.com/koicha/videomixrepo/master</datadir>
	</extension>
	<extension point="xbmc.addon.metadata">
		<summary>Repository mix</summary>
   		<description lang="en">Instala los Addons Mix.</description>
		<disclaimer></disclaimer>
		<platform>all</platform>
	</extension>
</addon>